Airline,Season,TravelDate,BestDaysBeforeTravel,PredictedPrice
Air India,Summer,2025-05-15,52,549.57
Delta,Summer,2025-05-15,53,550.16
Emirates,Summer,2025-05-15,53,549.52
Lufthansa,Summer,2025-05-15,53,550.44
United,Summer,2025-05-15,53,549.6
Air India,Summer,2025-05-16,52,549.52
Delta,Summer,2025-05-16,53,550.11
Emirates,Summer,2025-05-16,53,549.48
Lufthansa,Summer,2025-05-16,53,550.39
United,Summer,2025-05-16,53,549.56
Air India,Summer,2025-05-17,52,549.47
Delta,Summer,2025-05-17,53,550.07
Emirates,Summer,2025-05-17,53,549.43
Lufthansa,Summer,2025-05-17,53,550.34
United,Summer,2025-05-17,53,549.51
Air India,Summer,2025-05-18,52,549.43
Delta,Summer,2025-05-18,53,550.02
Emirates,Summer,2025-05-18,53,549.38
Lufthansa,Summer,2025-05-18,53,550.3
United,Summer,2025-05-18,53,549.46
Air India,Summer,2025-05-19,52,549.38
Delta,Summer,2025-05-19,53,549.97
Emirates,Summer,2025-05-19,53,549.33
Lufthansa,Summer,2025-05-19,53,550.25
United,Summer,2025-05-19,53,549.41
Air India,Summer,2025-05-20,52,549.33
Delta,Summer,2025-05-20,53,549.92
Emirates,Summer,2025-05-20,53,549.29
Lufthansa,Summer,2025-05-20,53,550.2
United,Summer,2025-05-20,53,549.37
Air India,Summer,2025-05-21,52,549.28
Delta,Summer,2025-05-21,53,549.88
Emirates,Summer,2025-05-21,53,549.24
Lufthansa,Summer,2025-05-21,53,550.15
United,Summer,2025-05-21,53,549.32
Air India,Summer,2025-05-22,52,549.24
Delta,Summer,2025-05-22,53,549.83
Emirates,Summer,2025-05-22,53,549.19
Lufthansa,Summer,2025-05-22,53,550.11
United,Summer,2025-05-22,53,549.27
Air India,Summer,2025-05-23,52,549.19
Delta,Summer,2025-05-23,53,549.78
Emirates,Summer,2025-05-23,53,549.14
Lufthansa,Summer,2025-05-23,53,550.06
United,Summer,2025-05-23,53,549.22
Air India,Summer,2025-05-24,52,549.14
Delta,Summer,2025-05-24,53,549.73
Emirates,Summer,2025-05-24,53,549.1
Lufthansa,Summer,2025-05-24,53,550.01
United,Summer,2025-05-24,53,549.18
Air India,Summer,2025-05-25,52,549.09
Delta,Summer,2025-05-25,53,549.69
Emirates,Summer,2025-05-25,53,549.05
Lufthansa,Summer,2025-05-25,53,549.96
United,Summer,2025-05-25,53,549.13
Air India,Summer,2025-05-26,52,549.05
Delta,Summer,2025-05-26,53,549.64
Emirates,Summer,2025-05-26,53,549.0
Lufthansa,Summer,2025-05-26,53,549.92
United,Summer,2025-05-26,53,549.08
Air India,Summer,2025-05-27,52,549.0
Delta,Summer,2025-05-27,53,549.59
Emirates,Summer,2025-05-27,53,548.95
Lufthansa,Summer,2025-05-27,53,549.87
United,Summer,2025-05-27,53,549.03
Air India,Summer,2025-05-28,52,548.95
Delta,Summer,2025-05-28,53,549.54
Emirates,Summer,2025-05-28,53,548.91
Lufthansa,Summer,2025-05-28,53,549.82
United,Summer,2025-05-28,53,548.99
Air India,Summer,2025-05-29,52,548.9
Delta,Summer,2025-05-29,53,549.5
Emirates,Summer,2025-05-29,53,548.86
Lufthansa,Summer,2025-05-29,53,549.78
United,Summer,2025-05-29,53,548.94
Air India,Summer,2025-05-30,52,548.86
Delta,Summer,2025-05-30,53,549.45
Emirates,Summer,2025-05-30,53,548.81
Lufthansa,Summer,2025-05-30,53,549.73
United,Summer,2025-05-30,53,548.89
Air India,Summer,2025-05-31,52,548.81
Delta,Summer,2025-05-31,53,549.4
Emirates,Summer,2025-05-31,53,548.76
Lufthansa,Summer,2025-05-31,53,549.68
United,Summer,2025-05-31,53,548.84
Air India,Summer,2025-06-01,52,551.03
Delta,Summer,2025-06-01,53,551.63
Emirates,Summer,2025-06-01,53,550.99
Lufthansa,Summer,2025-06-01,53,551.91
United,Summer,2025-06-01,53,551.07
Air India,Summer,2025-06-02,52,550.99
Delta,Summer,2025-06-02,53,551.58
Emirates,Summer,2025-06-02,53,550.94
Lufthansa,Summer,2025-06-02,53,551.86
United,Summer,2025-06-02,53,551.02
Air India,Summer,2025-06-03,52,550.94
Delta,Summer,2025-06-03,53,551.53
Emirates,Summer,2025-06-03,53,550.89
Lufthansa,Summer,2025-06-03,53,551.81
United,Summer,2025-06-03,53,550.97
Air India,Summer,2025-06-04,52,550.89
Delta,Summer,2025-06-04,53,551.48
Emirates,Summer,2025-06-04,53,550.85
Lufthansa,Summer,2025-06-04,53,551.76
United,Summer,2025-06-04,53,550.93
Air India,Summer,2025-06-05,52,550.84
Delta,Summer,2025-06-05,53,551.44
Emirates,Summer,2025-06-05,53,550.8
Lufthansa,Summer,2025-06-05,53,551.72
United,Summer,2025-06-05,53,550.88
Air India,Summer,2025-06-06,52,550.8
Delta,Summer,2025-06-06,53,551.39
Emirates,Summer,2025-06-06,53,550.75
Lufthansa,Summer,2025-06-06,53,551.67
United,Summer,2025-06-06,53,550.83
Air India,Summer,2025-06-07,52,550.75
Delta,Summer,2025-06-07,53,551.34
Emirates,Summer,2025-06-07,53,550.7
Lufthansa,Summer,2025-06-07,53,551.62
United,Summer,2025-06-07,53,550.78
Air India,Summer,2025-06-08,52,550.7
Delta,Summer,2025-06-08,53,551.29
Emirates,Summer,2025-06-08,53,550.66
Lufthansa,Summer,2025-06-08,53,551.57
United,Summer,2025-06-08,53,550.74
Air India,Summer,2025-06-09,52,550.65
Delta,Summer,2025-06-09,53,551.25
Emirates,Summer,2025-06-09,53,550.61
Lufthansa,Summer,2025-06-09,53,551.53
United,Summer,2025-06-09,53,550.69
Air India,Summer,2025-06-10,52,550.61
Delta,Summer,2025-06-10,53,551.2
Emirates,Summer,2025-06-10,53,550.56
Lufthansa,Summer,2025-06-10,53,551.48
United,Summer,2025-06-10,53,550.64
Air India,Summer,2025-06-11,52,550.56
Delta,Summer,2025-06-11,53,551.15
Emirates,Summer,2025-06-11,53,550.51
Lufthansa,Summer,2025-06-11,53,551.43
United,Summer,2025-06-11,53,550.59
Air India,Summer,2025-06-12,52,550.51
Delta,Summer,2025-06-12,53,551.1
Emirates,Summer,2025-06-12,53,550.47
Lufthansa,Summer,2025-06-12,53,551.38
United,Summer,2025-06-12,53,550.55
Air India,Summer,2025-06-13,52,550.46
Delta,Summer,2025-06-13,53,551.06
Emirates,Summer,2025-06-13,53,550.42
Lufthansa,Summer,2025-06-13,53,551.34
United,Summer,2025-06-13,53,550.5
Air India,Summer,2025-06-14,52,550.42
Delta,Summer,2025-06-14,53,551.01
Emirates,Summer,2025-06-14,53,550.37
Lufthansa,Summer,2025-06-14,53,551.29
United,Summer,2025-06-14,53,550.45
Air India,Summer,2025-06-15,52,550.37
Delta,Summer,2025-06-15,53,550.96
Emirates,Summer,2025-06-15,53,550.32
Lufthansa,Summer,2025-06-15,53,551.24
United,Summer,2025-06-15,53,550.4
Air India,Fall,2025-08-23,52,548.93
Delta,Fall,2025-08-23,53,549.66
Emirates,Fall,2025-08-23,53,548.75
Lufthansa,Fall,2025-08-23,53,549.63
United,Fall,2025-08-23,53,549.04
Air India,Fall,2025-08-24,52,548.89
Delta,Fall,2025-08-24,53,549.61
Emirates,Fall,2025-08-24,53,548.7
Lufthansa,Fall,2025-08-24,53,549.58
United,Fall,2025-08-24,53,548.99
Air India,Fall,2025-08-25,52,548.84
Delta,Fall,2025-08-25,53,549.57
Emirates,Fall,2025-08-25,53,548.65
Lufthansa,Fall,2025-08-25,53,549.54
United,Fall,2025-08-25,53,548.95
Air India,Fall,2025-08-26,52,548.79
Delta,Fall,2025-08-26,53,549.52
Emirates,Fall,2025-08-26,53,548.61
Lufthansa,Fall,2025-08-26,53,549.49
United,Fall,2025-08-26,53,548.9
Air India,Fall,2025-08-27,52,548.74
Delta,Fall,2025-08-27,53,549.47
Emirates,Fall,2025-08-27,53,548.56
Lufthansa,Fall,2025-08-27,53,549.44
United,Fall,2025-08-27,53,548.85
Air India,Fall,2025-08-28,52,548.7
Delta,Fall,2025-08-28,53,549.42
Emirates,Fall,2025-08-28,53,548.51
Lufthansa,Fall,2025-08-28,53,549.39
United,Fall,2025-08-28,53,548.8
Air India,Fall,2025-08-29,52,548.65
Delta,Fall,2025-08-29,53,549.38
Emirates,Fall,2025-08-29,53,548.46
Lufthansa,Fall,2025-08-29,53,549.35
United,Fall,2025-08-29,53,548.76
Air India,Fall,2025-08-30,52,548.6
Delta,Fall,2025-08-30,53,549.33
Emirates,Fall,2025-08-30,53,548.42
Lufthansa,Fall,2025-08-30,53,549.3
United,Fall,2025-08-30,53,548.71
Air India,Fall,2025-08-31,52,548.55
Delta,Fall,2025-08-31,53,549.28
Emirates,Fall,2025-08-31,53,548.37
Lufthansa,Fall,2025-08-31,53,549.25
United,Fall,2025-08-31,53,548.66
Air India,Fall,2025-09-01,52,550.78
Delta,Fall,2025-09-01,53,551.51
Emirates,Fall,2025-09-01,53,550.59
Lufthansa,Fall,2025-09-01,53,551.48
United,Fall,2025-09-01,53,550.89
Air India,Fall,2025-09-02,52,550.73
Delta,Fall,2025-09-02,53,551.46
Emirates,Fall,2025-09-02,53,550.55
Lufthansa,Fall,2025-09-02,53,551.43
United,Fall,2025-09-02,53,550.84
Air India,Fall,2025-09-03,52,550.68
Delta,Fall,2025-09-03,53,551.41
Emirates,Fall,2025-09-03,53,550.5
Lufthansa,Fall,2025-09-03,53,551.38
United,Fall,2025-09-03,53,550.79
Air India,Fall,2025-09-04,52,550.64
Delta,Fall,2025-09-04,53,551.36
Emirates,Fall,2025-09-04,53,550.45
Lufthansa,Fall,2025-09-04,53,551.33
United,Fall,2025-09-04,53,550.74
Air India,Fall,2025-09-05,52,550.59
Delta,Fall,2025-09-05,53,551.32
Emirates,Fall,2025-09-05,53,550.4
Lufthansa,Fall,2025-09-05,53,551.29
United,Fall,2025-09-05,53,550.7
Air India,Fall,2025-09-06,52,550.54
Delta,Fall,2025-09-06,53,551.27
Emirates,Fall,2025-09-06,53,550.36
Lufthansa,Fall,2025-09-06,53,551.24
United,Fall,2025-09-06,53,550.65
Air India,Fall,2025-09-07,52,550.49
Delta,Fall,2025-09-07,53,551.22
Emirates,Fall,2025-09-07,53,550.31
Lufthansa,Fall,2025-09-07,53,551.19
United,Fall,2025-09-07,53,550.6
Air India,Fall,2025-09-08,52,550.45
Delta,Fall,2025-09-08,53,551.17
Emirates,Fall,2025-09-08,53,550.26
Lufthansa,Fall,2025-09-08,53,551.14
United,Fall,2025-09-08,53,550.55
Air India,Fall,2025-09-09,52,550.4
Delta,Fall,2025-09-09,53,551.13
Emirates,Fall,2025-09-09,53,550.21
Lufthansa,Fall,2025-09-09,53,551.1
United,Fall,2025-09-09,53,550.51
Air India,Fall,2025-09-10,52,550.35
Delta,Fall,2025-09-10,53,551.08
Emirates,Fall,2025-09-10,53,550.17
Lufthansa,Fall,2025-09-10,53,551.05
United,Fall,2025-09-10,53,550.46
Air India,Fall,2025-09-11,52,550.3
Delta,Fall,2025-09-11,53,551.03
Emirates,Fall,2025-09-11,53,550.12
Lufthansa,Fall,2025-09-11,53,551.0
United,Fall,2025-09-11,53,550.41
Air India,Fall,2025-09-12,52,550.26
Delta,Fall,2025-09-12,53,550.98
Emirates,Fall,2025-09-12,53,550.07
Lufthansa,Fall,2025-09-12,53,550.95
United,Fall,2025-09-12,53,550.36
Air India,Fall,2025-09-13,52,550.21
Delta,Fall,2025-09-13,53,550.94
Emirates,Fall,2025-09-13,53,550.02
Lufthansa,Fall,2025-09-13,53,550.91
United,Fall,2025-09-13,53,550.32
Air India,Fall,2025-09-14,52,550.16
Delta,Fall,2025-09-14,53,550.89
Emirates,Fall,2025-09-14,53,549.98
Lufthansa,Fall,2025-09-14,53,550.86
United,Fall,2025-09-14,53,550.27
Air India,Fall,2025-09-15,52,550.11
Delta,Fall,2025-09-15,53,550.84
Emirates,Fall,2025-09-15,53,549.93
Lufthansa,Fall,2025-09-15,53,550.81
United,Fall,2025-09-15,53,550.22
Air India,Fall,2025-09-16,52,550.07
Delta,Fall,2025-09-16,53,550.79
Emirates,Fall,2025-09-16,53,549.88
Lufthansa,Fall,2025-09-16,53,550.76
United,Fall,2025-09-16,53,550.17
Air India,Fall,2025-09-17,52,550.02
Delta,Fall,2025-09-17,53,550.75
Emirates,Fall,2025-09-17,53,549.83
Lufthansa,Fall,2025-09-17,53,550.72
United,Fall,2025-09-17,53,550.13
Air India,Fall,2025-09-18,52,549.97
Delta,Fall,2025-09-18,53,550.7
Emirates,Fall,2025-09-18,53,549.79
Lufthansa,Fall,2025-09-18,53,550.67
United,Fall,2025-09-18,53,550.08
Air India,Fall,2025-09-19,52,549.92
Delta,Fall,2025-09-19,53,550.65
Emirates,Fall,2025-09-19,53,549.74
Lufthansa,Fall,2025-09-19,53,550.62
United,Fall,2025-09-19,53,550.03
Air India,Fall,2025-09-20,52,549.88
Delta,Fall,2025-09-20,53,550.6
Emirates,Fall,2025-09-20,53,549.69
Lufthansa,Fall,2025-09-20,53,550.57
United,Fall,2025-09-20,53,549.98
Air India,Fall,2025-09-21,52,549.83
Delta,Fall,2025-09-21,53,550.56
Emirates,Fall,2025-09-21,53,549.64
Lufthansa,Fall,2025-09-21,53,550.53
United,Fall,2025-09-21,53,549.94
Air India,Fall,2025-09-22,52,549.78
Delta,Fall,2025-09-22,53,550.51
Emirates,Fall,2025-09-22,53,549.6
Lufthansa,Fall,2025-09-22,53,550.48
United,Fall,2025-09-22,53,549.89
Air India,Fall,2025-09-23,52,549.73
Delta,Fall,2025-09-23,53,550.46
Emirates,Fall,2025-09-23,53,549.55
Lufthansa,Fall,2025-09-23,53,550.43
United,Fall,2025-09-23,53,549.84
Air India,Summer,2026-05-15,52,549.57
Delta,Summer,2026-05-15,53,550.16
Emirates,Summer,2026-05-15,53,549.52
Lufthansa,Summer,2026-05-15,53,550.44
United,Summer,2026-05-15,53,549.6
Air India,Summer,2026-05-16,52,549.52
Delta,Summer,2026-05-16,53,550.11
Emirates,Summer,2026-05-16,53,549.48
Lufthansa,Summer,2026-05-16,53,550.39
United,Summer,2026-05-16,53,549.56
Air India,Summer,2026-05-17,52,549.47
Delta,Summer,2026-05-17,53,550.07
Emirates,Summer,2026-05-17,53,549.43
Lufthansa,Summer,2026-05-17,53,550.34
United,Summer,2026-05-17,53,549.51
Air India,Summer,2026-05-18,52,549.43
Delta,Summer,2026-05-18,53,550.02
Emirates,Summer,2026-05-18,53,549.38
Lufthansa,Summer,2026-05-18,53,550.3
United,Summer,2026-05-18,53,549.46
Air India,Summer,2026-05-19,52,549.38
Delta,Summer,2026-05-19,53,549.97
Emirates,Summer,2026-05-19,53,549.33
Lufthansa,Summer,2026-05-19,53,550.25
United,Summer,2026-05-19,53,549.41
Air India,Summer,2026-05-20,52,549.33
Delta,Summer,2026-05-20,53,549.92
Emirates,Summer,2026-05-20,53,549.29
Lufthansa,Summer,2026-05-20,53,550.2
United,Summer,2026-05-20,53,549.37
Air India,Summer,2026-05-21,52,549.28
Delta,Summer,2026-05-21,53,549.88
Emirates,Summer,2026-05-21,53,549.24
Lufthansa,Summer,2026-05-21,53,550.15
United,Summer,2026-05-21,53,549.32
Air India,Summer,2026-05-22,52,549.24
Delta,Summer,2026-05-22,53,549.83
Emirates,Summer,2026-05-22,53,549.19
Lufthansa,Summer,2026-05-22,53,550.11
United,Summer,2026-05-22,53,549.27
Air India,Summer,2026-05-23,52,549.19
Delta,Summer,2026-05-23,53,549.78
Emirates,Summer,2026-05-23,53,549.14
Lufthansa,Summer,2026-05-23,53,550.06
United,Summer,2026-05-23,53,549.22
Air India,Summer,2026-05-24,52,549.14
Delta,Summer,2026-05-24,53,549.73
Emirates,Summer,2026-05-24,53,549.1
Lufthansa,Summer,2026-05-24,53,550.01
United,Summer,2026-05-24,53,549.18
Air India,Summer,2026-05-25,52,549.09
Delta,Summer,2026-05-25,53,549.69
Emirates,Summer,2026-05-25,53,549.05
Lufthansa,Summer,2026-05-25,53,549.96
United,Summer,2026-05-25,53,549.13
Air India,Summer,2026-05-26,52,549.05
Delta,Summer,2026-05-26,53,549.64
Emirates,Summer,2026-05-26,53,549.0
Lufthansa,Summer,2026-05-26,53,549.92
United,Summer,2026-05-26,53,549.08
Air India,Summer,2026-05-27,52,549.0
Delta,Summer,2026-05-27,53,549.59
Emirates,Summer,2026-05-27,53,548.95
Lufthansa,Summer,2026-05-27,53,549.87
United,Summer,2026-05-27,53,549.03
Air India,Summer,2026-05-28,52,548.95
Delta,Summer,2026-05-28,53,549.54
Emirates,Summer,2026-05-28,53,548.91
Lufthansa,Summer,2026-05-28,53,549.82
United,Summer,2026-05-28,53,548.99
Air India,Summer,2026-05-29,52,548.9
Delta,Summer,2026-05-29,53,549.5
Emirates,Summer,2026-05-29,53,548.86
Lufthansa,Summer,2026-05-29,53,549.78
United,Summer,2026-05-29,53,548.94
Air India,Summer,2026-05-30,52,548.86
Delta,Summer,2026-05-30,53,549.45
Emirates,Summer,2026-05-30,53,548.81
Lufthansa,Summer,2026-05-30,53,549.73
United,Summer,2026-05-30,53,548.89
Air India,Summer,2026-05-31,52,548.81
Delta,Summer,2026-05-31,53,549.4
Emirates,Summer,2026-05-31,53,548.76
Lufthansa,Summer,2026-05-31,53,549.68
United,Summer,2026-05-31,53,548.84
Air India,Summer,2026-06-01,52,551.03
Delta,Summer,2026-06-01,53,551.63
Emirates,Summer,2026-06-01,53,550.99
Lufthansa,Summer,2026-06-01,53,551.91
United,Summer,2026-06-01,53,551.07
Air India,Summer,2026-06-02,52,550.99
Delta,Summer,2026-06-02,53,551.58
Emirates,Summer,2026-06-02,53,550.94
Lufthansa,Summer,2026-06-02,53,551.86
United,Summer,2026-06-02,53,551.02
Air India,Summer,2026-06-03,52,550.94
Delta,Summer,2026-06-03,53,551.53
Emirates,Summer,2026-06-03,53,550.89
Lufthansa,Summer,2026-06-03,53,551.81
United,Summer,2026-06-03,53,550.97
Air India,Summer,2026-06-04,52,550.89
Delta,Summer,2026-06-04,53,551.48
Emirates,Summer,2026-06-04,53,550.85
Lufthansa,Summer,2026-06-04,53,551.76
United,Summer,2026-06-04,53,550.93
Air India,Summer,2026-06-05,52,550.84
Delta,Summer,2026-06-05,53,551.44
Emirates,Summer,2026-06-05,53,550.8
Lufthansa,Summer,2026-06-05,53,551.72
United,Summer,2026-06-05,53,550.88
Air India,Summer,2026-06-06,52,550.8
Delta,Summer,2026-06-06,53,551.39
Emirates,Summer,2026-06-06,53,550.75
Lufthansa,Summer,2026-06-06,53,551.67
United,Summer,2026-06-06,53,550.83
Air India,Summer,2026-06-07,52,550.75
Delta,Summer,2026-06-07,53,551.34
Emirates,Summer,2026-06-07,53,550.7
Lufthansa,Summer,2026-06-07,53,551.62
United,Summer,2026-06-07,53,550.78
Air India,Summer,2026-06-08,52,550.7
Delta,Summer,2026-06-08,53,551.29
Emirates,Summer,2026-06-08,53,550.66
Lufthansa,Summer,2026-06-08,53,551.57
United,Summer,2026-06-08,53,550.74
Air India,Summer,2026-06-09,52,550.65
Delta,Summer,2026-06-09,53,551.25
Emirates,Summer,2026-06-09,53,550.61
Lufthansa,Summer,2026-06-09,53,551.53
United,Summer,2026-06-09,53,550.69
Air India,Summer,2026-06-10,52,550.61
Delta,Summer,2026-06-10,53,551.2
Emirates,Summer,2026-06-10,53,550.56
Lufthansa,Summer,2026-06-10,53,551.48
United,Summer,2026-06-10,53,550.64
Air India,Summer,2026-06-11,52,550.56
Delta,Summer,2026-06-11,53,551.15
Emirates,Summer,2026-06-11,53,550.51
Lufthansa,Summer,2026-06-11,53,551.43
United,Summer,2026-06-11,53,550.59
Air India,Summer,2026-06-12,52,550.51
Delta,Summer,2026-06-12,53,551.1
Emirates,Summer,2026-06-12,53,550.47
Lufthansa,Summer,2026-06-12,53,551.38
United,Summer,2026-06-12,53,550.55
Air India,Summer,2026-06-13,52,550.46
Delta,Summer,2026-06-13,53,551.06
Emirates,Summer,2026-06-13,53,550.42
Lufthansa,Summer,2026-06-13,53,551.34
United,Summer,2026-06-13,53,550.5
Air India,Summer,2026-06-14,52,550.42
Delta,Summer,2026-06-14,53,551.01
Emirates,Summer,2026-06-14,53,550.37
Lufthansa,Summer,2026-06-14,53,551.29
United,Summer,2026-06-14,53,550.45
Air India,Summer,2026-06-15,52,550.37
Delta,Summer,2026-06-15,53,550.96
Emirates,Summer,2026-06-15,53,550.32
Lufthansa,Summer,2026-06-15,53,551.24
United,Summer,2026-06-15,53,550.4
Air India,Fall,2026-08-23,52,548.93
Delta,Fall,2026-08-23,53,549.66
Emirates,Fall,2026-08-23,53,548.75
Lufthansa,Fall,2026-08-23,53,549.63
United,Fall,2026-08-23,53,549.04
Air India,Fall,2026-08-24,52,548.89
Delta,Fall,2026-08-24,53,549.61
Emirates,Fall,2026-08-24,53,548.7
Lufthansa,Fall,2026-08-24,53,549.58
United,Fall,2026-08-24,53,548.99
Air India,Fall,2026-08-25,52,548.84
Delta,Fall,2026-08-25,53,549.57
Emirates,Fall,2026-08-25,53,548.65
Lufthansa,Fall,2026-08-25,53,549.54
United,Fall,2026-08-25,53,548.95
Air India,Fall,2026-08-26,52,548.79
Delta,Fall,2026-08-26,53,549.52
Emirates,Fall,2026-08-26,53,548.61
Lufthansa,Fall,2026-08-26,53,549.49
United,Fall,2026-08-26,53,548.9
Air India,Fall,2026-08-27,52,548.74
Delta,Fall,2026-08-27,53,549.47
Emirates,Fall,2026-08-27,53,548.56
Lufthansa,Fall,2026-08-27,53,549.44
United,Fall,2026-08-27,53,548.85
Air India,Fall,2026-08-28,52,548.7
Delta,Fall,2026-08-28,53,549.42
Emirates,Fall,2026-08-28,53,548.51
Lufthansa,Fall,2026-08-28,53,549.39
United,Fall,2026-08-28,53,548.8
Air India,Fall,2026-08-29,52,548.65
Delta,Fall,2026-08-29,53,549.38
Emirates,Fall,2026-08-29,53,548.46
Lufthansa,Fall,2026-08-29,53,549.35
United,Fall,2026-08-29,53,548.76
Air India,Fall,2026-08-30,52,548.6
Delta,Fall,2026-08-30,53,549.33
Emirates,Fall,2026-08-30,53,548.42
Lufthansa,Fall,2026-08-30,53,549.3
United,Fall,2026-08-30,53,548.71
Air India,Fall,2026-08-31,52,548.55
Delta,Fall,2026-08-31,53,549.28
Emirates,Fall,2026-08-31,53,548.37
Lufthansa,Fall,2026-08-31,53,549.25
United,Fall,2026-08-31,53,548.66
Air India,Fall,2026-09-01,52,550.78
Delta,Fall,2026-09-01,53,551.51
Emirates,Fall,2026-09-01,53,550.59
Lufthansa,Fall,2026-09-01,53,551.48
United,Fall,2026-09-01,53,550.89
Air India,Fall,2026-09-02,52,550.73
Delta,Fall,2026-09-02,53,551.46
Emirates,Fall,2026-09-02,53,550.55
Lufthansa,Fall,2026-09-02,53,551.43
United,Fall,2026-09-02,53,550.84
Air India,Fall,2026-09-03,52,550.68
Delta,Fall,2026-09-03,53,551.41
Emirates,Fall,2026-09-03,53,550.5
Lufthansa,Fall,2026-09-03,53,551.38
United,Fall,2026-09-03,53,550.79
Air India,Fall,2026-09-04,52,550.64
Delta,Fall,2026-09-04,53,551.36
Emirates,Fall,2026-09-04,53,550.45
Lufthansa,Fall,2026-09-04,53,551.33
United,Fall,2026-09-04,53,550.74
Air India,Fall,2026-09-05,52,550.59
Delta,Fall,2026-09-05,53,551.32
Emirates,Fall,2026-09-05,53,550.4
Lufthansa,Fall,2026-09-05,53,551.29
United,Fall,2026-09-05,53,550.7
Air India,Fall,2026-09-06,52,550.54
Delta,Fall,2026-09-06,53,551.27
Emirates,Fall,2026-09-06,53,550.36
Lufthansa,Fall,2026-09-06,53,551.24
United,Fall,2026-09-06,53,550.65
Air India,Fall,2026-09-07,52,550.49
Delta,Fall,2026-09-07,53,551.22
Emirates,Fall,2026-09-07,53,550.31
Lufthansa,Fall,2026-09-07,53,551.19
United,Fall,2026-09-07,53,550.6
Air India,Fall,2026-09-08,52,550.45
Delta,Fall,2026-09-08,53,551.17
Emirates,Fall,2026-09-08,53,550.26
Lufthansa,Fall,2026-09-08,53,551.14
United,Fall,2026-09-08,53,550.55
Air India,Fall,2026-09-09,52,550.4
Delta,Fall,2026-09-09,53,551.13
Emirates,Fall,2026-09-09,53,550.21
Lufthansa,Fall,2026-09-09,53,551.1
United,Fall,2026-09-09,53,550.51
Air India,Fall,2026-09-10,52,550.35
Delta,Fall,2026-09-10,53,551.08
Emirates,Fall,2026-09-10,53,550.17
Lufthansa,Fall,2026-09-10,53,551.05
United,Fall,2026-09-10,53,550.46
Air India,Fall,2026-09-11,52,550.3
Delta,Fall,2026-09-11,53,551.03
Emirates,Fall,2026-09-11,53,550.12
Lufthansa,Fall,2026-09-11,53,551.0
United,Fall,2026-09-11,53,550.41
Air India,Fall,2026-09-12,52,550.26
Delta,Fall,2026-09-12,53,550.98
Emirates,Fall,2026-09-12,53,550.07
Lufthansa,Fall,2026-09-12,53,550.95
United,Fall,2026-09-12,53,550.36
Air India,Fall,2026-09-13,52,550.21
Delta,Fall,2026-09-13,53,550.94
Emirates,Fall,2026-09-13,53,550.02
Lufthansa,Fall,2026-09-13,53,550.91
United,Fall,2026-09-13,53,550.32
Air India,Fall,2026-09-14,52,550.16
Delta,Fall,2026-09-14,53,550.89
Emirates,Fall,2026-09-14,53,549.98
Lufthansa,Fall,2026-09-14,53,550.86
United,Fall,2026-09-14,53,550.27
Air India,Fall,2026-09-15,52,550.11
Delta,Fall,2026-09-15,53,550.84
Emirates,Fall,2026-09-15,53,549.93
Lufthansa,Fall,2026-09-15,53,550.81
United,Fall,2026-09-15,53,550.22
Air India,Fall,2026-09-16,52,550.07
Delta,Fall,2026-09-16,53,550.79
Emirates,Fall,2026-09-16,53,549.88
Lufthansa,Fall,2026-09-16,53,550.76
United,Fall,2026-09-16,53,550.17
Air India,Fall,2026-09-17,52,550.02
Delta,Fall,2026-09-17,53,550.75
Emirates,Fall,2026-09-17,53,549.83
Lufthansa,Fall,2026-09-17,53,550.72
United,Fall,2026-09-17,53,550.13
Air India,Fall,2026-09-18,52,549.97
Delta,Fall,2026-09-18,53,550.7
Emirates,Fall,2026-09-18,53,549.79
Lufthansa,Fall,2026-09-18,53,550.67
United,Fall,2026-09-18,53,550.08
Air India,Fall,2026-09-19,52,549.92
Delta,Fall,2026-09-19,53,550.65
Emirates,Fall,2026-09-19,53,549.74
Lufthansa,Fall,2026-09-19,53,550.62
United,Fall,2026-09-19,53,550.03
Air India,Fall,2026-09-20,52,549.88
Delta,Fall,2026-09-20,53,550.6
Emirates,Fall,2026-09-20,53,549.69
Lufthansa,Fall,2026-09-20,53,550.57
United,Fall,2026-09-20,53,549.98
Air India,Fall,2026-09-21,52,549.83
Delta,Fall,2026-09-21,53,550.56
Emirates,Fall,2026-09-21,53,549.64
Lufthansa,Fall,2026-09-21,53,550.53
United,Fall,2026-09-21,53,549.94
Air India,Fall,2026-09-22,52,549.78
Delta,Fall,2026-09-22,53,550.51
Emirates,Fall,2026-09-22,53,549.6
Lufthansa,Fall,2026-09-22,53,550.48
United,Fall,2026-09-22,53,549.89
Air India,Fall,2026-09-23,52,549.73
Delta,Fall,2026-09-23,53,550.46
Emirates,Fall,2026-09-23,53,549.55
Lufthansa,Fall,2026-09-23,53,550.43
United,Fall,2026-09-23,53,549.84
